project,section,url,description,github,cran
numpy,Python > Numerical Libraries & Data Structures,https://www.numpy.org,NumPy is the fundamental package for scientific computing with Python.,https://github.com/numpy/numpy,False
scipy,Python > Numerical Libraries & Data Structures,https://www.scipy.org,"SciPy (pronounced “Sigh Pie”) is a Python-based ecosystem of open-source software for mathematics, science, and engineering.",https://github.com/scipy/scipy,False
pandas,Python > Numerical Libraries & Data Structures,https://pandas.pydata.org,"pandas is an open source, BSD-licensed library providing high-performance, easy-to-use data structures and data analysis tools for the Python programming language.",https://github.com/pandas-dev/pandas,False
polars,Python > Numerical Libraries & Data Structures,https://docs.pola.rs/,Polars is a blazingly fast DataFrame library for manipulating structured data.,https://github.com/pola-rs/polars,False
quantdsl,Python > Numerical Libraries & Data Structures,https://github.com/johnbywater/quantdsl,Domain specific language for quantitative analytics in finance and trading.,https://github.com/johnbywater/quantdsl,False
statistics,Python > Numerical Libraries & Data Structures,https://docs.python.org/3/library/statistics.html,Builtin Python library for all basic statistical calculations.,False,False
sympy,Python > Numerical Libraries & Data Structures,https://www.sympy.org/,SymPy is a Python library for symbolic mathematics.,https://github.com/sympy/sympy,False
pymc3,Python > Numerical Libraries & Data Structures,https://docs.pymc.io/,Probabilistic Programming in Python: Bayesian Modeling and Probabilistic Machine Learning with Theano.,https://github.com/pymc-devs/pymc,False
modelx,Python > Numerical Libraries & Data Structures,https://docs.modelx.io/,Python reimagination of spreadsheets as formula-centric objects that are interoperable with pandas.,https://github.com/fumitoh/modelx,False
ArcticDB,Python > Numerical Libraries & Data Structures,https://github.com/man-group/ArcticDB,High performance datastore for time series and tick data.,https://github.com/man-group/ArcticDB,False
OpenBB Terminal,Python > Financial Instruments and Pricing,https://github.com/OpenBB-finance/OpenBBTerminal,Terminal for investment research for everyone.,https://github.com/OpenBB-finance/OpenBBTerminal,False
Fincept Terminal,Python > Financial Instruments and Pricing,https://github.com/Fincept-Corporation/FinceptTerminal,Advance Data Based A.I Terminal for all Types of Financial Asset Research.,https://github.com/Fincept-Corporation/FinceptTerminal,False
PyQL,Python > Financial Instruments and Pricing,https://github.com/enthought/pyql,QuantLib's Python port.,https://github.com/enthought/pyql,False
pyfin,Python > Financial Instruments and Pricing,https://github.com/opendoor-labs/pyfin,Basic options pricing in Python. *ARCHIVED*,https://github.com/opendoor-labs/pyfin,False
vollib,Python > Financial Instruments and Pricing,https://github.com/vollib/vollib,"vollib is a python library for calculating option prices, implied volatility and greeks.",https://github.com/vollib/vollib,False
QuantPy,Python > Financial Instruments and Pricing,https://github.com/jsmidt/QuantPy,A framework for quantitative finance In python.,https://github.com/jsmidt/QuantPy,False
Finance-Python,Python > Financial Instruments and Pricing,https://github.com/alpha-miner/Finance-Python,Python tools for Finance.,https://github.com/alpha-miner/Finance-Python,False
ffn,Python > Financial Instruments and Pricing,https://github.com/pmorissette/ffn,A financial function library for Python.,https://github.com/pmorissette/ffn,False
pynance,Python > Financial Instruments and Pricing,https://github.com/GriffinAustin/pynance,Lightweight Python library for assembling and analyzing financial data.,https://github.com/GriffinAustin/pynance,False
tia,Python > Financial Instruments and Pricing,https://github.com/bpsmith/tia,Toolkit for integration and analysis.,https://github.com/bpsmith/tia,False
hasura/base-python-dash,Python > Financial Instruments and Pricing,https://platform.hasura.io/hub/projects/hasura/base-python-dash,"Hasura quick start to deploy Dash framework. Written on top of Flask, Plotly.js, and React.js, Dash is ideal for building data visualization apps with highly custom user interfaces in pure Python.",https://github.com/hasura/base-python-dash,False
hasura/base-python-bokeh,Python > Financial Instruments and Pricing,https://platform.hasura.io/hub/projects/hasura/base-python-bokeh,Hasura quick start to visualize data with bokeh library.,https://github.com/hasura/base-python-bokeh,False
pysabr,Python > Financial Instruments and Pricing,https://github.com/ynouri/pysabr,SABR model Python implementation.,https://github.com/ynouri/pysabr,False
FinancePy,Python > Financial Instruments and Pricing,https://github.com/domokane/FinancePy,"A Python Finance Library that focuses on the pricing and risk-management of Financial Derivatives, including fixed-income, equity, FX and credit derivatives.",https://github.com/domokane/FinancePy,False
gs-quant,Python > Financial Instruments and Pricing,https://github.com/goldmansachs/gs-quant,Python toolkit for quantitative finance,https://github.com/goldmansachs/gs-quant,False
willowtree,Python > Financial Instruments and Pricing,https://github.com/federicomariamassari/willowtree,Robust and flexible Python implementation of the willow tree lattice for derivatives pricing.,https://github.com/federicomariamassari/willowtree,False
financial-engineering,Python > Financial Instruments and Pricing,https://github.com/federicomariamassari/financial-engineering,"Applications of Monte Carlo methods to financial engineering projects, in Python.",https://github.com/federicomariamassari/financial-engineering,False
optlib,Python > Financial Instruments and Pricing,https://github.com/dbrojas/optlib,A library for financial options pricing written in Python.,https://github.com/dbrojas/optlib,False
tf-quant-finance,Python > Financial Instruments and Pricing,https://github.com/google/tf-quant-finance,High-performance TensorFlow library for quantitative finance.,https://github.com/google/tf-quant-finance,False
Q-Fin,Python > Financial Instruments and Pricing,https://github.com/RomanMichaelPaolucci/Q-Fin,A Python library for mathematical finance.,https://github.com/RomanMichaelPaolucci/Q-Fin,False
Quantsbin,Python > Financial Instruments and Pricing,https://github.com/quantsbin/Quantsbin,"Tools for pricing and plotting of vanilla option prices, greeks and various other analysis around them.",https://github.com/quantsbin/Quantsbin,False
finoptions,Python > Financial Instruments and Pricing,https://github.com/bbcho/finoptions-dev,Complete python implementation of R package fOptions with partial implementation of fExoticOptions for pricing various options.,https://github.com/bbcho/finoptions-dev,False
pypme,Python > Financial Instruments and Pricing,https://github.com/ymyke/pypme,PME (Public Market Equivalent) calculation.,https://github.com/ymyke/pypme,False
AbsBox,Python > Financial Instruments and Pricing,https://github.com/yellowbean/AbsBox,A Python based library to model cashflow for structured product like Asset-backed securities (ABS) and Mortgage-backed securities (MBS).,https://github.com/yellowbean/AbsBox,False
Intrinsic-Value-Calculator,Python > Financial Instruments and Pricing,https://github.com/akashaero/Intrinsic-Value-Calculator,A Python tool for quick calculations of a stock's fair value using Discounted Cash Flow analysis.,https://github.com/akashaero/Intrinsic-Value-Calculator,False
Kelly-Criterion,Python > Financial Instruments and Pricing,https://github.com/deltaray-io/kelly-criterion,Kelly Criterion implemented in Python to size portfolios based on J. L. Kelly Jr's formula.,https://github.com/deltaray-io/kelly-criterion,False
rateslib,Python > Financial Instruments and Pricing,https://github.com/attack68/rateslib,"A fixed income library for pricing bonds and bond futures, and derivatives such as IRS, cross-currency and FX swaps.",https://github.com/attack68/rateslib,False
fypy,Python > Financial Instruments and Pricing,https://github.com/jkirkby3/fypy,"Vanilla and exotic option pricing library to support quantitative R&D. Focus on pricing interesting/useful models and contracts (including and beyond Black-Scholes), as well as calibration of financial models to market data.",https://github.com/jkirkby3/fypy,False
pandas_talib,Python > Indicators,https://github.com/femtotrader/pandas_talib,A Python Pandas implementation of technical analysis indicators.,https://github.com/femtotrader/pandas_talib,False
finta,Python > Indicators,https://github.com/peerchemist/finta,Common financial technical analysis indicators implemented in Pandas.,https://github.com/peerchemist/finta,False
Tulipy,Python > Indicators,https://github.com/cirla/tulipy,Financial Technical Analysis Indicator Library (Python bindings for [tulipindicators](https://github.com/TulipCharts/tulipindicators)),https://github.com/cirla/tulipy,False
lppls,Python > Indicators,https://github.com/Boulder-Investment-Technologies/lppls,A Python module for fitting the [Log-Periodic Power Law Singularity (LPPLS)](https://en.wikipedia.org/wiki/Didier_Sornette#The_JLS_and_LPPLS_models) model.,https://github.com/Boulder-Investment-Technologies/lppls,False
talipp,Python > Indicators,https://github.com/nardew/talipp,Incremental technical analysis library for Python.,https://github.com/nardew/talipp,False
streaming_indicators,Python > Indicators,https://github.com/mr-easy/streaming_indicators,A python library for computing technical analysis indicators on streaming data.,https://github.com/mr-easy/streaming_indicators,False
skfolio,Python > Trading & Backtesting,https://github.com/skfolio/skfolio,"Python library for portfolio optimization built on top of scikit-learn. It provides a unified interface and sklearn compatible tools to build, tune and cross-validate portfolio models.",https://github.com/skfolio/skfolio,False
Investing algorithm framework,Python > Trading & Backtesting,https://github.com/coding-kitties/investing-algorithm-framework,"Framework for developing, backtesting, and deploying automated trading algorithms.",https://github.com/coding-kitties/investing-algorithm-framework,False
QSTrader,Python > Trading & Backtesting,https://github.com/mhallsmoore/qstrader,QSTrader backtesting simulation engine.,https://github.com/mhallsmoore/qstrader,False
Blankly,Python > Trading & Backtesting,https://github.com/Blankly-Finance/Blankly,"Fully integrated backtesting, paper trading, and live deployment.",https://github.com/Blankly-Finance/Blankly,False
TA-Lib,Python > Trading & Backtesting,https://github.com/mrjbq7/ta-lib,Python wrapper for TA-Lib (<http://ta-lib.org/>).,https://github.com/mrjbq7/ta-lib,False
zipline,Python > Trading & Backtesting,https://github.com/quantopian/zipline,Pythonic algorithmic trading library.,https://github.com/quantopian/zipline,False
zipline-reloaded,Python > Trading & Backtesting,https://github.com/stefan-jansen/zipline-reloaded,"Zipline, a Pythonic Algorithmic Trading Library.",https://github.com/stefan-jansen/zipline-reloaded,False
QuantSoftware Toolkit,Python > Trading & Backtesting,https://github.com/QuantSoftware/QuantSoftwareToolkit,Python-based open source software framework designed to support portfolio construction and management.,https://github.com/QuantSoftware/QuantSoftwareToolkit,False
quantitative,Python > Trading & Backtesting,https://github.com/jeffrey-liang/quantitative,"Quantitative finance, and backtesting library.",https://github.com/jeffrey-liang/quantitative,False
analyzer,Python > Trading & Backtesting,https://github.com/llazzaro/analyzer,Python framework for real-time financial and backtesting trading strategies.,https://github.com/llazzaro/analyzer,False
bt,Python > Trading & Backtesting,https://github.com/pmorissette/bt,Flexible Backtesting for Python.,https://github.com/pmorissette/bt,False
backtrader,Python > Trading & Backtesting,https://github.com/backtrader/backtrader,Python Backtesting library for trading strategies.,https://github.com/backtrader/backtrader,False
pythalesians,Python > Trading & Backtesting,https://github.com/thalesians/pythalesians,"Python library to backtest trading strategies, plot charts, seamlessly download market data, analyze market patterns etc.",https://github.com/thalesians/pythalesians,False
pybacktest,Python > Trading & Backtesting,https://github.com/ematvey/pybacktest,"Vectorized backtesting framework in Python / pandas, designed to make your backtesting easier.",https://github.com/ematvey/pybacktest,False
pyalgotrade,Python > Trading & Backtesting,https://github.com/gbeced/pyalgotrade,Python Algorithmic Trading Library.,https://github.com/gbeced/pyalgotrade,False
basana,Python > Trading & Backtesting,https://github.com/gbeced/basana,"A Python async and event driven framework for algorithmic trading, with a focus on crypto currencies.",https://github.com/gbeced/basana,False
tradingWithPython,Python > Trading & Backtesting,https://pypi.org/project/tradingWithPython/,A collection of functions and classes for Quantitative trading.,https://github.com/sjev/tradingWithPython,False
Pandas TA (Not Open Source Anymore),Python > Trading & Backtesting,https://www.pandas-ta.dev/,Pandas TA is an easy to use Python 3 Pandas Extension with 115+ Indicators. Easily build Custom Strategies.,True,False
ta,Python > Trading & Backtesting,https://github.com/bukosabino/ta,Technical Analysis Library using Pandas (Python),https://github.com/bukosabino/ta,False
algobroker,Python > Trading & Backtesting,https://github.com/joequant/algobroker,This is an execution engine for algo trading.,https://github.com/joequant/algobroker,False
pysentosa,Python > Trading & Backtesting,https://pypi.org/project/pysentosa/,Python API for sentosa trading system.,False,False
finmarketpy,Python > Trading & Backtesting,https://github.com/cuemacro/finmarketpy,Python library for backtesting trading strategies and analyzing financial markets.,https://github.com/cuemacro/finmarketpy,False
binary-martingale,Python > Trading & Backtesting,https://github.com/metaperl/binary-martingale,Computer program to automatically trade binary options martingale style.,https://github.com/metaperl/binary-martingale,False
fooltrader,Python > Trading & Backtesting,https://github.com/foolcage/fooltrader,the project using big-data technology to provide an uniform way to analyze the whole market.,https://github.com/foolcage/fooltrader,False
zvt,Python > Trading & Backtesting,https://github.com/zvtvz/zvt,"the project using sql, pandas to provide an uniform and extendable way to record data, computing factors, select securities, backtesting, realtime trading and it could show all of them in clearly charts in realtime.",https://github.com/zvtvz/zvt,False
pylivetrader,Python > Trading & Backtesting,https://github.com/alpacahq/pylivetrader,zipline-compatible live trading library.,https://github.com/alpacahq/pylivetrader,False
pipeline-live,Python > Trading & Backtesting,https://github.com/alpacahq/pipeline-live,zipline's pipeline capability with IEX for live trading.,https://github.com/alpacahq/pipeline-live,False
zipline-extensions,Python > Trading & Backtesting,https://github.com/quantrocket-llc/zipline-extensions,Zipline extensions and adapters for QuantRocket.,https://github.com/quantrocket-llc/zipline-extensions,False
moonshot,Python > Trading & Backtesting,https://github.com/quantrocket-llc/moonshot,Vectorized backtester and trading engine for QuantRocket based on Pandas.,https://github.com/quantrocket-llc/moonshot,False
PyPortfolioOpt,Python > Trading & Backtesting,https://github.com/robertmartin8/PyPortfolioOpt,"Financial portfolio optimization in python, including classical efficient frontier and advanced methods.",https://github.com/robertmartin8/PyPortfolioOpt,False
Eiten,Python > Trading & Backtesting,https://github.com/tradytics/eiten,"Eiten is an open source toolkit by Tradytics that implements various statistical and algorithmic investing strategies such as Eigen Portfolios, Minimum Variance Portfolios, Maximum Sharpe Ratio Portfolios, and Genetic Algorithms based Portfolios.",https://github.com/tradytics/eiten,False
riskparity.py,Python > Trading & Backtesting,https://github.com/dppalomar/riskparity.py,fast and scalable design of risk parity portfolios with TensorFlow 2.0,https://github.com/dppalomar/riskparity.py,False
mlfinlab,Python > Trading & Backtesting,https://github.com/hudson-and-thames/mlfinlab,"Implementations regarding ""Advances in Financial Machine Learning"" by Marcos Lopez de Prado. (Feature Engineering, Financial Data Structures, Meta-Labeling)",https://github.com/hudson-and-thames/mlfinlab,False
pyqstrat,Python > Trading & Backtesting,https://github.com/abbass2/pyqstrat,"A fast, extensible, transparent python library for backtesting quantitative strategies.",https://github.com/abbass2/pyqstrat,False
NowTrade,Python > Trading & Backtesting,https://github.com/edouardpoitras/NowTrade,Python library for backtesting technical/mechanical strategies in the stock and currency markets.,https://github.com/edouardpoitras/NowTrade,False
pinkfish,Python > Trading & Backtesting,https://github.com/fja05680/pinkfish,A backtester and spreadsheet library for security analysis.,https://github.com/fja05680/pinkfish,False
aat,Python > Trading & Backtesting,https://github.com/timkpaine/aat,Async Algorithmic Trading Engine,https://github.com/timkpaine/aat,False
Backtesting.py,Python > Trading & Backtesting,https://kernc.github.io/backtesting.py/,Backtest trading strategies in Python,https://github.com/kernc/backtesting.py,False
catalyst,Python > Trading & Backtesting,https://github.com/enigmampc/catalyst,An Algorithmic Trading Library for Crypto-Assets in Python,https://github.com/enigmampc/catalyst,False
quantstats,Python > Trading & Backtesting,https://github.com/ranaroussi/quantstats,"Portfolio analytics for quants, written in Python",https://github.com/ranaroussi/quantstats,False
qtpylib,Python > Trading & Backtesting,https://github.com/ranaroussi/qtpylib,"QTPyLib, Pythonic Algorithmic Trading <http://qtpylib.io>",https://github.com/ranaroussi/qtpylib,False
Quantdom,Python > Trading & Backtesting,https://github.com/constverum/Quantdom,Python-based framework for backtesting trading strategies & analyzing financial markets [GUI :neckbeard:],https://github.com/constverum/Quantdom,False
freqtrade,Python > Trading & Backtesting,https://github.com/freqtrade/freqtrade,"Free, open source crypto trading bot",https://github.com/freqtrade/freqtrade,False
algorithmic-trading-with-python,Python > Trading & Backtesting,https://github.com/chrisconlan/algorithmic-trading-with-python,"Free `pandas` and `scikit-learn` resources for trading simulation, backtesting, and machine learning on financial data.",https://github.com/chrisconlan/algorithmic-trading-with-python,False
DeepDow,Python > Trading & Backtesting,https://github.com/jankrepl/deepdow,Portfolio optimization with deep learning,https://github.com/jankrepl/deepdow,False
Qlib,Python > Trading & Backtesting,https://github.com/microsoft/qlib,"An AI-oriented Quantitative Investment Platform by Microsoft. Full ML pipeline of data processing, model training, back-testing; and covers the entire chain of quantitative investment: alpha seeking, risk modeling, portfolio optimization, and order execution.",https://github.com/microsoft/qlib,False
machine-learning-for-trading,Python > Trading & Backtesting,https://github.com/stefan-jansen/machine-learning-for-trading,Code and resources for Machine Learning for Algorithmic Trading,https://github.com/stefan-jansen/machine-learning-for-trading,False
AlphaPy,Python > Trading & Backtesting,https://github.com/ScottfreeLLC/AlphaPy,"Automated Machine Learning [AutoML] with Python, scikit-learn, Keras, XGBoost, LightGBM, and CatBoost",https://github.com/ScottfreeLLC/AlphaPy,False
jesse,Python > Trading & Backtesting,https://github.com/jesse-ai/jesse,An advanced crypto trading bot written in Python,https://github.com/jesse-ai/jesse,False
rqalpha,Python > Trading & Backtesting,https://github.com/ricequant/rqalpha,"A extendable, replaceable Python algorithmic backtest && trading framework supporting multiple securities.",https://github.com/ricequant/rqalpha,False
FinRL-Library,Python > Trading & Backtesting,https://github.com/AI4Finance-LLC/FinRL-Library,A Deep Reinforcement Learning Library for Automated Trading in Quantitative Finance. NeurIPS 2020.,https://github.com/AI4Finance-LLC/FinRL-Library,False
bulbea,Python > Trading & Backtesting,https://github.com/achillesrasquinha/bulbea,Deep Learning based Python Library for Stock Market Prediction and Modelling.,https://github.com/achillesrasquinha/bulbea,False
ib_nope,Python > Trading & Backtesting,https://github.com/ajhpark/ib_nope,Automated trading system for NOPE strategy over IBKR TWS.,https://github.com/ajhpark/ib_nope,False
OctoBot,Python > Trading & Backtesting,https://github.com/Drakkar-Software/OctoBot,"Open source cryptocurrency trading bot for high frequency, arbitrage, TA and social trading with an advanced web interface.",https://github.com/Drakkar-Software/OctoBot,False
bta-lib,Python > Trading & Backtesting,https://github.com/mementum/bta-lib,Technical Analysis library in pandas for backtesting algotrading and quantitative analysis.,https://github.com/mementum/bta-lib,False
Stock-Prediction-Models,Python > Trading & Backtesting,https://github.com/huseinzol05/Stock-Prediction-Models,Gathers machine learning and deep learning models for Stock forecasting including trading bots and simulations.,https://github.com/huseinzol05/Stock-Prediction-Models,False
TuneTA,Python > Trading & Backtesting,https://github.com/jmrichardson/tuneta,TuneTA optimizes technical indicators using a distance correlation measure to a user defined target feature such as next day return.,https://github.com/jmrichardson/tuneta,False
AutoTrader,Python > Trading & Backtesting,https://github.com/kieran-mackle/AutoTrader,A Python-based development platform for automated trading systems - from backtesting to optimization to livetrading.,https://github.com/kieran-mackle/AutoTrader,False
fast-trade,Python > Trading & Backtesting,https://github.com/jrmeier/fast-trade,A library built with backtest portability and performance in mind for backtest trading strategies.,https://github.com/jrmeier/fast-trade,False
qf-lib,Python > Trading & Backtesting,https://github.com/quarkfin/qf-lib,QF-Lib is a Python library that provides high quality tools for quantitative finance.,https://github.com/quarkfin/qf-lib,False
tda-api,Python > Trading & Backtesting,https://github.com/alexgolec/tda-api,"Gather data and trade equities, options, and ETFs via TDAmeritrade.",https://github.com/alexgolec/tda-api,False
vectorbt,Python > Trading & Backtesting,https://github.com/polakowo/vectorbt,"Find your trading edge, using a powerful toolkit for backtesting, algorithmic trading, and research.",https://github.com/polakowo/vectorbt,False
Lean,Python > Trading & Backtesting,https://github.com/QuantConnect/Lean,"Lean Algorithmic Trading Engine by QuantConnect (Python, C#).",https://github.com/QuantConnect/Lean,False
fast-trade,Python > Trading & Backtesting,https://github.com/jrmeier/fast-trade,Low code backtesting library utilizing pandas and technical analysis indicators.,https://github.com/jrmeier/fast-trade,False
pysystemtrade,Python > Trading & Backtesting,https://github.com/robcarver17/pysystemtrade,"pysystemtrade is the open source version of Robert Carver's backtesting and trading engine that implements systems according to the framework outlined in his book ""Systematic Trading"", which is further developed on his [blog](https://qoppac.blogspot.com/).",https://github.com/robcarver17/pysystemtrade,False
pytrendseries,Python > Trading & Backtesting,https://github.com/rafa-rod/pytrendseries,"Detect trend in time series, drawdown, drawdown within a constant look-back window , maximum drawdown, time underwater.",https://github.com/rafa-rod/pytrendseries,False
PyLOB,Python > Trading & Backtesting,https://github.com/DrAshBooth/PyLOB,Fully functioning fast Limit Order Book written in Python.,https://github.com/DrAshBooth/PyLOB,False
PyBroker,Python > Trading & Backtesting,https://github.com/edtechre/pybroker,Algorithmic Trading with Machine Learning.,https://github.com/edtechre/pybroker,False
OctoBot Script,Python > Trading & Backtesting,https://github.com/Drakkar-Software/OctoBot-Script,A quant framework to create cryptocurrencies strategies - from backtesting to optimization to livetrading.,https://github.com/Drakkar-Software/OctoBot-Script,False
hftbacktest,Python > Trading & Backtesting,https://github.com/nkaz001/hftbacktest,"A high-frequency trading and market-making backtesting tool accounts for limit orders, queue positions, and latencies, utilizing full tick data for trades and order books.",https://github.com/nkaz001/hftbacktest,False
vnpy,Python > Trading & Backtesting,https://github.com/vnpy/vnpy,VeighNa is a Python-based open source quantitative trading system development framework.,https://github.com/vnpy/vnpy,False
Intelligent Trading Bot,Python > Trading & Backtesting,https://github.com/asavinov/intelligent-trading-bot,Automatically generating signals and trading based on machine learning and feature engineering,https://github.com/asavinov/intelligent-trading-bot,False
fastquant,Python > Trading & Backtesting,https://github.com/enzoampil/fastquant,fastquant allows you to easily backtest investment strategies with as few as 3 lines of python code.,https://github.com/enzoampil/fastquant,False
nautilus_trader,Python > Trading & Backtesting,https://github.com/nautechsystems/nautilus_trader,A high-performance algorithmic trading platform and event-driven backtester.,https://github.com/nautechsystems/nautilus_trader,False
YABTE,Python > Trading & Backtesting,https://github.com/bsdz/yabte,Yet Another (Python) BackTesting Engine.,https://github.com/bsdz/yabte,False
Trading Strategy,Python > Trading & Backtesting,https://github.com/tradingstrategy-ai/getting-started,"TradingStrategy.ai is a market data, backtesting, live trading and investor management framework for decentralised finance",https://github.com/tradingstrategy-ai/getting-started,False
Hikyuu,Python > Trading & Backtesting,https://github.com/fasiondog/hikyuu,"A base on Python/C++ open source high-performance quant framework for faster analysis and backtesting, contains the complete trading system components for reuse and combination.",https://github.com/fasiondog/hikyuu,False
rust_bt,Python > Trading & Backtesting,https://github.com/jensnesten/rust_bt,"A high performance, low-latency backtesting engine for testing quantitative trading strategies on historical and live data in Rust.",https://github.com/jensnesten/rust_bt,False
Gunbot Quant,Python > Trading & Backtesting,https://github.com/GuntharDeNiro/gunbot-quant,"Toolkit for quantitative trading analysis. It integrates an advanced market screener, a multi-strategy, multi-asset backtesting engine. Use with built-in GUI or through CLI.",https://github.com/GuntharDeNiro/gunbot-quant,False
StrateQueue,Python > Trading & Backtesting,https://github.com/StrateQueue/StrateQueue,"An open‑source, broker‑agnostic Python library that lets you seamlessly deploy strategies from any major backtesting engine to live (or paper) trading with zero code changes and built‑in safety controls.",https://github.com/StrateQueue/StrateQueue,False
QuantLibRisks,Python > Risk Analysis,https://github.com/auto-differentiation/QuantLib-Risks-Py,Fast risks with QuantLib,https://github.com/auto-differentiation/QuantLib-Risks-Py,False
XAD,Python > Risk Analysis,https://github.com/auto-differentiation/xad-py,Automatic Differentation (AAD) Library,https://github.com/auto-differentiation/xad-py,False
pyfolio,Python > Risk Analysis,https://github.com/quantopian/pyfolio,Portfolio and risk analytics in Python.,https://github.com/quantopian/pyfolio,False
empyrical,Python > Risk Analysis,https://github.com/quantopian/empyrical,Common financial risk and performance metrics.,https://github.com/quantopian/empyrical,False
fecon235,Python > Risk Analysis,https://github.com/rsvp/fecon235,"Computational tools for financial economics include: Gaussian Mixture model of leptokurtotic risk, adaptive Boltzmann portfolios.",https://github.com/rsvp/fecon235,False
finance,Python > Risk Analysis,https://pypi.org/project/finance/,Financial Risk Calculations. Optimized for ease of use through class construction and operator overload.,False,False
qfrm,Python > Risk Analysis,https://pypi.org/project/qfrm/,"Quantitative Financial Risk Management: awesome OOP tools for measuring, managing and visualizing risk of financial instruments and portfolios.",False,False
visualize-wealth,Python > Risk Analysis,https://github.com/benjaminmgross/visualize-wealth,Portfolio construction and quantitative analysis.,https://github.com/benjaminmgross/visualize-wealth,False
VisualPortfolio,Python > Risk Analysis,https://github.com/wegamekinglc/VisualPortfolio,This tool is used to visualize the performance of a portfolio.,https://github.com/wegamekinglc/VisualPortfolio,False
universal-portfolios,Python > Risk Analysis,https://github.com/Marigold/universal-portfolios,Collection of algorithms for online portfolio selection.,https://github.com/Marigold/universal-portfolios,False
FinQuant,Python > Risk Analysis,https://github.com/fmilthaler/FinQuant,"A program for financial portfolio management, analysis and optimization.",https://github.com/fmilthaler/FinQuant,False
Empyrial,Python > Risk Analysis,https://github.com/ssantoshp/Empyrial,Portfolio's risk and performance analytics and returns predictions.,https://github.com/ssantoshp/Empyrial,False
risktools,Python > Risk Analysis,https://github.com/bbcho/risktools-dev,Risk tools for use within the crude and crude products trading space with partial implementation of R's PerformanceAnalytics.,https://github.com/bbcho/risktools-dev,False
Riskfolio-Lib,Python > Risk Analysis,https://github.com/dcajasn/Riskfolio-Lib,Portfolio Optimization and Quantitative Strategic Asset Allocation in Python.,https://github.com/dcajasn/Riskfolio-Lib,False
empyrical-reloaded,Python > Risk Analysis,https://github.com/stefan-jansen/empyrical-reloaded,Common financial risk and performance metrics. [empyrical](https://github.com/quantopian/empyrical) fork.,https://github.com/stefan-jansen/empyrical-reloaded,False
pyfolio-reloaded,Python > Risk Analysis,https://github.com/stefan-jansen/pyfolio-reloaded,Portfolio and risk analytics in Python. [pyfolio](https://github.com/quantopian/pyfolio) fork.,https://github.com/stefan-jansen/pyfolio-reloaded,False
fortitudo.tech,Python > Risk Analysis,https://github.com/fortitudo-tech/fortitudo.tech,Conditional Value-at-Risk (CVaR) portfolio optimization and Entropy Pooling views / stress-testing in Python.,https://github.com/fortitudo-tech/fortitudo.tech,False
quantitative-finance-tools,Python > Risk Analysis,https://github.com/omichauhan-lgtm/quantitative-finance-tools,Library for portfolio optimization (MVO) and rigorous risk metrics (VaR/CVaR).,https://github.com/omichauhan-lgtm/quantitative-finance-tools,False
alphalens,Python > Factor Analysis,https://github.com/quantopian/alphalens,Performance analysis of predictive alpha factors.,https://github.com/quantopian/alphalens,False
alphalens-reloaded,Python > Factor Analysis,https://github.com/stefan-jansen/alphalens-reloaded,Performance analysis of predictive (alpha) stock factors.,https://github.com/stefan-jansen/alphalens-reloaded,False
Spectre,Python > Factor Analysis,https://github.com/Heerozh/spectre,GPU-accelerated Factors analysis library and Backtester,https://github.com/Heerozh/spectre,False
Asset News Sentiment Analyzer,Python > Sentiment Analysis,https://github.com/KVignesh122/AssetNewsSentimentAnalyzer,Sentiment analysis and report generation package for financial assets and securities utilizing GPT models.,https://github.com/KVignesh122/AssetNewsSentimentAnalyzer,False
Jupyter Quant,Python > Quant Research Environment,https://github.com/gnzsnz/jupyter-quant,"A dockerized Jupyter quant research environment with preloaded tools for quant analysis, statsmodels, pymc, arch, py_vollib, zipline-reloaded, PyPortfolioOpt, etc.",https://github.com/gnzsnz/jupyter-quant,False
ARCH,Python > Time Series,https://github.com/bashtage/arch,ARCH models in Python.,https://github.com/bashtage/arch,False
statsmodels,Python > Time Series,http://statsmodels.sourceforge.net,"Python module that allows users to explore data, estimate statistical models, and perform statistical tests.",https://github.com/statsmodels/statsmodels,False
dynts,Python > Time Series,https://github.com/quantmind/dynts,Python package for timeseries analysis and manipulation.,https://github.com/quantmind/dynts,False
PyFlux,Python > Time Series,https://github.com/RJT1990/pyflux,Python library for timeseries modelling and inference (frequentist and Bayesian) on models.,https://github.com/RJT1990/pyflux,False
tsfresh,Python > Time Series,https://github.com/blue-yonder/tsfresh,Automatic extraction of relevant features from time series.,https://github.com/blue-yonder/tsfresh,False
hasura/quandl-metabase,Python > Time Series,https://platform.hasura.io/hub/projects/anirudhm/quandl-metabase-time-series,Hasura quickstart to visualize Quandl's timeseries datasets with Metabase.,False,False
Facebook Prophet,Python > Time Series,https://github.com/facebook/prophet,Tool for producing high quality forecasts for time series data that has multiple seasonality with linear or non-linear growth.,https://github.com/facebook/prophet,False
tsmoothie,Python > Time Series,https://github.com/cerlymarco/tsmoothie,A python library for time-series smoothing and outlier detection in a vectorized way.,https://github.com/cerlymarco/tsmoothie,False
pmdarima,Python > Time Series,https://github.com/alkaline-ml/pmdarima,"A statistical library designed to fill the void in Python's time series analysis capabilities, including the equivalent of R's auto.arima function.",https://github.com/alkaline-ml/pmdarima,False
gluon-ts,Python > Time Series,https://github.com/awslabs/gluon-ts,vProbabilistic time series modeling in Python.,https://github.com/awslabs/gluon-ts,False
functime,Python > Time Series,https://github.com/functime-org/functime,Time-series machine learning at scale. Built with Polars for embarrassingly parallel feature extraction and forecasts on panel data.,https://github.com/functime-org/functime,False
exchange_calendars,Python > Calendars,https://github.com/gerrymanoim/exchange_calendars,Stock Exchange Trading Calendars.,https://github.com/gerrymanoim/exchange_calendars,False
bizdays,Python > Calendars,https://github.com/wilsonfreitas/python-bizdays,Business days calculations and utilities.,https://github.com/wilsonfreitas/python-bizdays,False
pandas_market_calendars,Python > Calendars,https://github.com/rsheftel/pandas_market_calendars,Exchange calendars to use with pandas for trading applications.,https://github.com/rsheftel/pandas_market_calendars,False
yfinance,Python > Data Sources,https://github.com/ranaroussi/yfinance,Yahoo! Finance market data downloader (+faster Pandas Datareader),https://github.com/ranaroussi/yfinance,False
defeatbeta-api,Python > Data Sources,https://github.com/defeat-beta/defeatbeta-api,An open-source alternative to Yahoo Finance's market data APIs with higher reliability.,https://github.com/defeat-beta/defeatbeta-api,False
findatapy,Python > Data Sources,https://github.com/cuemacro/findatapy,"Python library to download market data via Bloomberg, Quandl, Yahoo etc.",https://github.com/cuemacro/findatapy,False
googlefinance,Python > Data Sources,https://github.com/hongtaocai/googlefinance,Python module to get real-time stock data from Google Finance API.,https://github.com/hongtaocai/googlefinance,False
yahoo-finance,Python > Data Sources,https://github.com/lukaszbanasiak/yahoo-finance,Python module to get stock data from Yahoo! Finance.,https://github.com/lukaszbanasiak/yahoo-finance,False
pandas-datareader,Python > Data Sources,https://github.com/pydata/pandas-datareader,"Python module to get data from various sources (Google Finance, Yahoo Finance, FRED, OECD, Fama/French, World Bank, Eurostat...) into Pandas datastructures such as DataFrame, Panel with a caching mechanism.",https://github.com/pydata/pandas-datareader,False
pandas-finance,Python > Data Sources,https://github.com/davidastephens/pandas-finance,High level API for access to and analysis of financial data.,https://github.com/davidastephens/pandas-finance,False
pyhoofinance,Python > Data Sources,https://github.com/innes213/pyhoofinance,Rapidly queries Yahoo Finance for multiple tickers and returns typed data for analysis.,https://github.com/innes213/pyhoofinance,False
yfinanceapi,Python > Data Sources,https://github.com/Karthik005/yfinanceapi,Finance API for Python.,https://github.com/Karthik005/yfinanceapi,False
yql-finance,Python > Data Sources,https://github.com/slawek87/yql-finance,"yql-finance is simple and fast. API returns stock closing prices for current period of time and current stock ticker (i.e. APPL, GOOGL).",https://github.com/slawek87/yql-finance,False
ystockquote,Python > Data Sources,https://github.com/cgoldberg/ystockquote,Retrieve stock quote data from Yahoo Finance.,https://github.com/cgoldberg/ystockquote,False
wallstreet,Python > Data Sources,https://github.com/mcdallas/wallstreet,Real time stock and option data.,https://github.com/mcdallas/wallstreet,False
stock_extractor,Python > Data Sources,https://github.com/ZachLiuGIS/stock_extractor,General Purpose Stock Extractors from Online Resources.,https://github.com/ZachLiuGIS/stock_extractor,False
Stockex,Python > Data Sources,https://github.com/cttn/Stockex,Python wrapper for Yahoo! Finance API.,https://github.com/cttn/Stockex,False
finsymbols,Python > Data Sources,https://github.com/skillachie/finsymbols,"Obtains stock symbols and relating information for SP500, AMEX, NYSE, and NASDAQ.",https://github.com/skillachie/finsymbols,False
FRB,Python > Data Sources,https://github.com/avelkoski/FRB,Python Client for FRED® API.,https://github.com/avelkoski/FRB,False
inquisitor,Python > Data Sources,https://github.com/econdb/inquisitor,Python Interface to Econdb.com API.,https://github.com/econdb/inquisitor,False
yfi,Python > Data Sources,https://github.com/nickelkr/yfi,Yahoo! YQL library.,https://github.com/nickelkr/yfi,False
chinesestockapi,Python > Data Sources,https://pypi.org/project/chinesestockapi/,Python API to get Chinese stock price.,False,False
exchange,Python > Data Sources,https://github.com/akarat/exchange,Get current exchange rate.,https://github.com/akarat/exchange,False
ticks,Python > Data Sources,https://github.com/jamescnowell/ticks,Simple command line tool to get stock ticker data.,https://github.com/jamescnowell/ticks,False
pybbg,Python > Data Sources,https://github.com/bpsmith/pybbg,Python interface to Bloomberg COM APIs.,https://github.com/bpsmith/pybbg,False
ccy,Python > Data Sources,https://github.com/lsbardel/ccy,Python module for currencies.,https://github.com/lsbardel/ccy,False
tushare,Python > Data Sources,https://pypi.org/project/tushare/,A utility for crawling historical and Real-time Quotes data of China stocks.,https://github.com/waditu/tushare,False
jsm,Python > Data Sources,https://pypi.org/project/jsm/,Get the japanese stock market data.,False,False
cn_stock_src,Python > Data Sources,https://github.com/jealous/cn_stock_src,Utility for retrieving basic China stock data from different sources.,https://github.com/jealous/cn_stock_src,False
coinmarketcap,Python > Data Sources,https://github.com/barnumbirr/coinmarketcap,Python API for coinmarketcap.,https://github.com/barnumbirr/coinmarketcap,False
after-hours,Python > Data Sources,https://github.com/datawrestler/after-hours,Obtain pre market and after hours stock prices for a given symbol.,https://github.com/datawrestler/after-hours,False
bronto-python,Python > Data Sources,https://pypi.org/project/bronto-python/,Bronto API Integration for Python.,False,False
pytdx,Python > Data Sources,https://github.com/rainx/pytdx,Python Interface for retrieving chinese stock realtime quote data from TongDaXin Nodes.,https://github.com/rainx/pytdx,False
pdblp,Python > Data Sources,https://github.com/matthewgilbert/pdblp,A simple interface to integrate pandas and the Bloomberg Open API.,https://github.com/matthewgilbert/pdblp,False
tiingo,Python > Data Sources,https://github.com/hydrosquall/tiingo-python,"Python interface for daily composite prices/OHLC/Volume + Real-time News Feeds, powered by the Tiingo Data Platform.",https://github.com/hydrosquall/tiingo-python,False
iexfinance,Python > Data Sources,https://github.com/addisonlynch/iexfinance,Python Interface for retrieving real-time and historical prices and equities data from The Investor's Exchange.,https://github.com/addisonlynch/iexfinance,False
pyEX,Python > Data Sources,https://github.com/timkpaine/pyEX,"Python interface to IEX with emphasis on pandas, support for streaming data, premium data, points data (economic, rates, commodities), and technical indicators.",https://github.com/timkpaine/pyEX,False
alpaca-trade-api,Python > Data Sources,https://github.com/alpacahq/alpaca-trade-api-python,Python interface for retrieving real-time and historical prices from Alpaca API as well as trade execution.,https://github.com/alpacahq/alpaca-trade-api-python,False
metatrader5,Python > Data Sources,https://pypi.org/project/MetaTrader5/,API Connector to MetaTrader 5 Terminal,False,False
akshare,Python > Data Sources,https://github.com/jindaxiang/akshare,"AkShare is an elegant and simple financial data interface library for Python, built for human beings! <https://akshare.readthedocs.io>",https://github.com/jindaxiang/akshare,False
yahooquery,Python > Data Sources,https://github.com/dpguthrie/yahooquery,Python interface for retrieving data through unofficial Yahoo Finance API.,https://github.com/dpguthrie/yahooquery,False
investpy,Python > Data Sources,https://github.com/alvarobartt/investpy,Financial Data Extraction from Investing.com with Python! <https://investpy.readthedocs.io/>,https://github.com/alvarobartt/investpy,False
yliveticker,Python > Data Sources,https://github.com/yahoofinancelive/yliveticker,Live stream of market data from Yahoo Finance websocket.,https://github.com/yahoofinancelive/yliveticker,False
bbgbridge,Python > Data Sources,https://github.com/ran404/bbgbridge,Easy to use Bloomberg Desktop API wrapper for Python.,https://github.com/ran404/bbgbridge,False
polygon.io,Python > Data Sources,https://github.com/polygon-io/client-python,A python library for Polygon.io financial data APIs.,https://github.com/polygon-io/client-python,False
alpha_vantage,Python > Data Sources,https://github.com/RomelTorres/alpha_vantage,A python wrapper for Alpha Vantage API for financial data.,https://github.com/RomelTorres/alpha_vantage,False
oilpriceapi,Python > Data Sources,https://github.com/OilpriceAPI/python-sdk,"Python SDK for real-time oil and commodity prices (WTI, Brent, Urals, natural gas, coal) with OpenBB integration.",https://github.com/OilpriceAPI/python-sdk,False
FinanceDataReader,Python > Data Sources,https://github.com/FinanceData/FinanceDataReader,"Open Source Financial data reader for U.S, Korean, Japanese, Chinese, Vietnamese Stocks",https://github.com/FinanceData/FinanceDataReader,False
pystlouisfed,Python > Data Sources,https://github.com/TomasKoutek/pystlouisfed,"Python client for Federal Reserve Bank of St. Louis API - FRED, ALFRED, GeoFRED and FRASER.",https://github.com/TomasKoutek/pystlouisfed,False
python-bcb,Python > Data Sources,https://github.com/wilsonfreitas/python-bcb,Python interface to Brazilian Central Bank web services.,https://github.com/wilsonfreitas/python-bcb,False
market-prices,Python > Data Sources,https://github.com/maread99/market_prices,Create meaningful OHLCV datasets from knowledge of [exchange-calendars](https://github.com/gerrymanoim/exchange_calendars) (works out-the-box with data from Yahoo Finance).,https://github.com/maread99/market_prices,False
tardis-python,Python > Data Sources,https://github.com/tardis-dev/tardis-python,Python interface for Tardis.dev high frequency crypto market data,https://github.com/tardis-dev/tardis-python,False
lake-api,Python > Data Sources,https://github.com/crypto-lake/lake-api,Python interface for Crypto Lake high frequency crypto market data,https://github.com/crypto-lake/lake-api,False
tessa,Python > Data Sources,https://github.com/ymyke/tessa,"simple, hassle-free access to price information of financial assets (currently based on yfinance and pycoingecko), including search and a symbol class.",https://github.com/ymyke/tessa,False
pandaSDMX,Python > Data Sources,https://github.com/dr-leo/pandaSDMX,"Python package that implements SDMX 2.1 (ISO 17369:2013), a format for exchange of statistical data and metadata used by national statistical agencies, central banks, and international organisations.",https://github.com/dr-leo/pandaSDMX,False
cif,Python > Data Sources,https://github.com/LenkaV/CIF,"Python package that include few composite indicators, which summarize multidimensional relationships between individual economic indicators.",https://github.com/LenkaV/CIF,False
finagg,Python > Data Sources,https://github.com/theOGognf/finagg,"finagg is a Python package that provides implementations of popular and free financial APIs, tools for aggregating historical data from those APIs into SQL databases, and tools for transforming aggregated data into features useful for analysis and AI/ML.",https://github.com/theOGognf/finagg,False
FinanceDatabase,Python > Data Sources,https://github.com/JerBouma/FinanceDatabase,"This is a database of 300.000+ symbols containing Equities, ETFs, Funds, Indices, Currencies, Cryptocurrencies and Money Markets.",https://github.com/JerBouma/FinanceDatabase,False
Trading Strategy,Python > Data Sources,https://github.com/tradingstrategy-ai/trading-strategy/,download price data for decentralised exchanges and lending protocols (DeFi),https://github.com/tradingstrategy-ai/trading-strategy/,False
datamule-python,Python > Data Sources,https://github.com/john-friedman/datamule-python,A package to work with SEC data. Incorporates datamule endpoints.,https://github.com/john-friedman/datamule-python,False
Earnings Feed,Python > Data Sources,https://earningsfeed.com/api,"Real-time SEC filings, insider trades, and institutional holdings API.",False,False
Financial Data,Python > Data Sources,https://financialdata.net/,Stock Market and Financial Data API.,False,False
SaxoOpenAPI,Python > Data Sources,https://www.developer.saxo/,Saxo Bank financial data API.,False,False
fsynth,Python > Data Sources,https://github.com/welcra/fsynth,Python library for high-fidelity unlimited synthetic financial data generation using Heston Stochastic Volatility and Merton Jump Diffusion.,https://github.com/welcra/fsynth,False
fedfred,Python > Data Sources,https://nikhilxsunder.github.io/fedfred/,"FRED & GeoFRED Economic data API with preprocessed dataframe output in pandas/geopandas, polars/polars_st, and dask dataframes/geodataframes.",https://github.com/nikhilxsunder/fedfred,False
edgar-sec,Python > Data Sources,https://nikhilxsunder.github.io/edgar-sec/,EDGAR Financial data API with preprocessed dataclass outputs.,https://github.com/nikhilxsunder/edgar-sec,False
xlwings,Python > Excel Integration,https://www.xlwings.org/,Make Excel fly with Python.,https://github.com/xlwings/xlwings,False
openpyxl,Python > Excel Integration,https://openpyxl.readthedocs.io/en/latest/,Read/Write Excel 2007 xlsx/xlsm files.,False,False
xlrd,Python > Excel Integration,https://github.com/python-excel/xlrd,Library for developers to extract data from Microsoft Excel spreadsheet files.,https://github.com/python-excel/xlrd,False
xlsxwriter,Python > Excel Integration,https://xlsxwriter.readthedocs.io/,Write files in the Excel 2007+ XLSX file format.,https://github.com/jmcnamara/XlsxWriter,False
xlwt,Python > Excel Integration,https://github.com/python-excel/xlwt,"Library to create spreadsheet files compatible with MS Excel 97/2000/XP/2003 XLS files, on any platform.",https://github.com/python-excel/xlwt,False
DataNitro,Python > Excel Integration,https://datanitro.com/,"DataNitro also offers full-featured Python-Excel integration, including UDFs. Trial downloads are available, but users must purchase a license.",False,False
xlloop,Python > Excel Integration,http://xlloop.sourceforge.net,XLLoop is an open source framework for implementing Excel user-defined functions (UDFs) on a centralised server (a function server).,False,False
expy,Python > Excel Integration,http://www.bnikolic.co.uk/expy/expy.html,"The ExPy add-in allows easy use of Python directly from within an Microsoft Excel spreadsheet, both to execute arbitrary code and to define new Excel functions.",https://github.com/bnikolic/expy,False
pyxll,Python > Excel Integration,https://www.pyxll.com,PyXLL is an Excel add-in that enables you to extend Excel using nothing but Python code.,False,False
D-Tale,Python > Visualization,https://github.com/man-group/dtale,Visualizer for pandas dataframes and xarray datasets.,https://github.com/man-group/dtale,False
mplfinance,Python > Visualization,https://github.com/matplotlib/mplfinance,"matplotlib utilities for the visualization, and visual analysis, of financial data.",https://github.com/matplotlib/mplfinance,False
finplot,Python > Visualization,https://github.com/highfestiva/finplot,Performant and effortless finance plotting for Python.,https://github.com/highfestiva/finplot,False
finvizfinance,Python > Visualization,https://github.com/lit26/finvizfinance,Finviz analysis python library.,https://github.com/lit26/finvizfinance,False
market-analy,Python > Visualization,https://github.com/maread99/market_analy,Analysis and interactive charting using [market-prices](https://github.com/maread99/market_prices) and bqplot.,https://github.com/maread99/market_analy,False
QuantInvestStrats,Python > Visualization,https://github.com/ArturSepp/QuantInvestStrats,"Quantitative Investment Strategies (QIS) package implements Python analytics for visualisation of financial data, performance reporting, analysis of quantitative strategies.",https://github.com/ArturSepp/QuantInvestStrats,False
xts,R > Numerical Libraries & Data Structures,https://github.com/joshuaulrich/xts,"eXtensible Time Series: Provide for uniform handling of R's different time-based data classes by extending zoo, maximizing native format information preservation and allowing for user level customization and extension, while simplifying cross-class interoperability.",https://github.com/joshuaulrich/xts,False
data.table,R > Numerical Libraries & Data Structures,https://github.com/Rdatatable/data.table,"Extension of data.frame: Fast aggregation of large data (e.g. 100GB in RAM), fast ordered joins, fast add/modify/delete of columns by group using no copies at all, list columns and a fast file reader (fread). Offers a natural and flexible syntax, for faster development.",https://github.com/Rdatatable/data.table,False
sparseEigen,R > Numerical Libraries & Data Structures,https://github.com/dppalomar/sparseEigen,Sparse principal component analysis.,https://github.com/dppalomar/sparseEigen,False
TSdbi,R > Numerical Libraries & Data Structures,http://tsdbi.r-forge.r-project.org/,Provides a common interface to time series databases.,https://github.com/cran/TSdbi,False
tseries,R > Numerical Libraries & Data Structures,https://cran.r-project.org/web/packages/tseries/index.html,Time Series Analysis and Computational Finance.,https://github.com/cran/tseries,True
zoo,R > Numerical Libraries & Data Structures,https://cran.r-project.org/web/packages/zoo/index.html,S3 Infrastructure for Regular and Irregular Time Series (Z's Ordered Observations).,https://github.com/cran/zoo,True
tis,R > Numerical Libraries & Data Structures,https://cran.r-project.org/web/packages/tis/index.html,"Functions and S3 classes for time indexes and time indexed series, which are compatible with FAME frequencies.",https://github.com/cran/tis,True
tfplot,R > Numerical Libraries & Data Structures,https://cran.r-project.org/web/packages/tfplot/index.html,Utilities for simple manipulation and quick plotting of time series data.,https://github.com/cran/tfplot,True
tframe,R > Numerical Libraries & Data Structures,https://cran.r-project.org/web/packages/tframe/index.html,A kernel of functions for programming time series methods in a way that is relatively independently of the representation of time.,https://github.com/cran/tframe,True
IBrokers,R > Data Sources,https://cran.r-project.org/web/packages/IBrokers/index.html,Provides native R access to Interactive Brokers Trader Workstation API.,https://github.com/joshuaulrich/IBrokers,True
Rblpapi,R > Data Sources,https://github.com/Rblp/Rblpapi,An R Interface to 'Bloomberg' is provided via the 'Blp API'.,https://github.com/Rblp/Rblpapi,False
Quandl,R > Data Sources,https://www.quandl.com/tools/r,Get Financial Data Directly Into R.,https://github.com/quandl/quandl-r,False
Rbitcoin,R > Data Sources,https://github.com/jangorecki/Rbitcoin,"Unified markets API interface (bitstamp, kraken, btce, bitmarket).",https://github.com/jangorecki/Rbitcoin,False
GetTDData,R > Data Sources,https://github.com/msperlin/GetTDData,Downloads and aggregates data for Brazilian government issued bonds directly from the website of Tesouro Direto.,https://github.com/msperlin/GetTDData,False
GetHFData,R > Data Sources,https://github.com/msperlin/GetHFData,Downloads and aggregates high frequency trading data for Brazilian instruments directly from Bovespa ftp site.,https://github.com/msperlin/GetHFData,False
Reddit WallstreetBets API,R > Data Sources,https://dashboard.nbshare.io/apps/reddit/api/,Provides daily top 50 stocks from reddit (subreddit) Wallstreetbets and their sentiments via the API.,False,False
td,R > Data Sources,https://github.com/eddelbuettel/td,Interfaces the 'twelvedata' API for stocks and (digital and standard) currencies.,https://github.com/eddelbuettel/td,False
rbcb,R > Data Sources,https://github.com/wilsonfreitas/rbcb,R interface to Brazilian Central Bank web services.,https://github.com/wilsonfreitas/rbcb,False
rb3,R > Data Sources,https://github.com/ropensci/rb3,A bunch of downloaders and parsers for data delivered from B3.,https://github.com/ropensci/rb3,False
simfinapi,R > Data Sources,https://github.com/matthiasgomolka/simfinapi,Makes 'SimFin' data (<https://simfin.com/>) easily accessible in R.,https://github.com/matthiasgomolka/simfinapi,False
tidyfinance,R > Data Sources,https://github.com/tidy-finance/r-tidyfinance,"Tidy Finance helper functions to download financial data and process the raw data into a structured Format (tidy data), including",https://github.com/tidy-finance/r-tidyfinance,False
RQuantLib,R > Financial Instruments and Pricing,https://github.com/eddelbuettel/rquantlib,RQuantLib connects GNU R with QuantLib.,https://github.com/eddelbuettel/rquantlib,False
quantmod,R > Financial Instruments and Pricing,https://cran.r-project.org/web/packages/quantmod/index.html,Quantitative Financial Modelling Framework.,https://github.com/joshuaulrich/quantmod,True
Rmetrics,R > Financial Instruments and Pricing,https://www.rmetrics.org,The premier open source software solution for teaching and training quantitative finance.,False,False
fAsianOptions,R > Financial Instruments and Pricing,https://cran.r-project.org/web/packages/fAsianOptions/index.html,EBM and Asian Option Valuation.,https://github.com/cran/fAsianOptions,True
fAssets,R > Financial Instruments and Pricing,https://cran.r-project.org/web/packages/fAssets/index.html,Analysing and Modelling Financial Assets.,https://github.com/cran/fAssets,True
fBasics,R > Financial Instruments and Pricing,https://cran.r-project.org/web/packages/fBasics/index.html,Markets and Basic Statistics.,https://github.com/cran/fBasics,True
fBonds,R > Financial Instruments and Pricing,https://cran.r-project.org/web/packages/fBonds/index.html,Bonds and Interest Rate Models.,https://github.com/cran/fBonds,True
fExoticOptions,R > Financial Instruments and Pricing,https://cran.r-project.org/web/packages/fExoticOptions/index.html,Exotic Option Valuation.,https://github.com/cran/fExoticOptions,True
fOptions,R > Financial Instruments and Pricing,https://cran.r-project.org/web/packages/fOptions/index.html,Pricing and Evaluating Basic Options.,https://github.com/cran/fOptions,True
fPortfolio,R > Financial Instruments and Pricing,https://cran.r-project.org/web/packages/fPortfolio/index.html,Portfolio Selection and Optimization.,https://github.com/cran/fPortfolio,True
portfolio,R > Financial Instruments and Pricing,https://github.com/dgerlanc/portfolio,Analysing equity portfolios.,https://github.com/dgerlanc/portfolio,False
sparseIndexTracking,R > Financial Instruments and Pricing,https://github.com/dppalomar/sparseIndexTracking,Portfolio design to track an index.,https://github.com/dppalomar/sparseIndexTracking,False
covFactorModel,R > Financial Instruments and Pricing,https://github.com/dppalomar/covFactorModel,Covariance matrix estimation via factor models.,https://github.com/dppalomar/covFactorModel,False
riskParityPortfolio,R > Financial Instruments and Pricing,https://github.com/dppalomar/riskParityPortfolio,Blazingly fast design of risk parity portfolios.,https://github.com/dppalomar/riskParityPortfolio,False
sde,R > Financial Instruments and Pricing,https://cran.r-project.org/web/packages/sde/index.html,Simulation and Inference for Stochastic Differential Equations.,https://github.com/cran/sde,True
YieldCurve,R > Financial Instruments and Pricing,https://cran.r-project.org/web/packages/YieldCurve/index.html,Modelling and estimation of the yield curve.,https://github.com/cran/YieldCurve,True
SmithWilsonYieldCurve,R > Financial Instruments and Pricing,https://cran.r-project.org/web/packages/SmithWilsonYieldCurve/index.html,Constructs a yield curve by the Smith-Wilson method from a table of LIBOR and SWAP rates.,https://github.com/cran/SmithWilsonYieldCurve,True
ycinterextra,R > Financial Instruments and Pricing,https://cran.r-project.org/web/packages/ycinterextra/index.html,Yield curve or zero-coupon prices interpolation and extrapolation.,https://github.com/Techtonique/ycinterextra,True
AmericanCallOpt,R > Financial Instruments and Pricing,https://cran.r-project.org/web/packages/AmericanCallOpt/index.html,This package includes pricing function for selected American call options with underlying assets that generate payouts.,https://github.com/cran/AmericanCallOpt,True
VarSwapPrice,R > Financial Instruments and Pricing,https://cran.r-project.org/web/packages/VarSwapPrice/index.html,Pricing a variance swap on an equity index.,False,True
RND,R > Financial Instruments and Pricing,https://cran.r-project.org/web/packages/RND/index.html,Risk Neutral Density Extraction Package.,https://github.com/cran/RND,True
LSMonteCarlo,R > Financial Instruments and Pricing,https://cran.r-project.org/web/packages/LSMonteCarlo/index.html,American options pricing with Least Squares Monte Carlo method.,https://github.com/cran/LSMonteCarlo,True
OptHedging,R > Financial Instruments and Pricing,https://cran.r-project.org/web/packages/OptHedging/index.html,Estimation of value and hedging strategy of call and put options.,https://github.com/cran/OptHedging,True
tvm,R > Financial Instruments and Pricing,https://cran.r-project.org/web/packages/tvm/index.html,Time Value of Money Functions.,https://github.com/cran/tvm,True
OptionPricing,R > Financial Instruments and Pricing,https://cran.r-project.org/web/packages/OptionPricing/index.html,Option Pricing with Efficient Simulation Algorithms.,https://github.com/cran/OptionPricing,True
credule,R > Financial Instruments and Pricing,https://github.com/blenezet/credule,Credit Default Swap Functions.,https://github.com/blenezet/credule,False
derivmkts,R > Financial Instruments and Pricing,https://cran.r-project.org/web/packages/derivmkts/index.html,Functions and R Code to Accompany Derivatives Markets.,https://github.com/rmcd1024/derivmkts,True
FinCal,R > Financial Instruments and Pricing,https://github.com/felixfan/FinCal,"Package for time value of money calculation, time series analysis and computational finance.",https://github.com/felixfan/FinCal,False
r-quant,R > Financial Instruments and Pricing,https://github.com/artyyouth/r-quant,R code for quantitative analysis in finance.,https://github.com/artyyouth/r-quant,False
options.studies,R > Financial Instruments and Pricing,https://github.com/taylorizing/options.studies,options trading studies functions for use with options.data package and shiny.,https://github.com/taylorizing/options.studies,False
PortfolioAnalytics,R > Financial Instruments and Pricing,https://github.com/braverock/PortfolioAnalytics,"Portfolio Analysis, Including Numerical Methods for Optimizationof Portfolios.",https://github.com/braverock/PortfolioAnalytics,False
fmbasics,R > Financial Instruments and Pricing,https://github.com/imanuelcostigan/fmbasics,Financial Market Building Blocks.,https://github.com/imanuelcostigan/fmbasics,False
R-fixedincome,R > Financial Instruments and Pricing,https://github.com/wilsonfreitas/R-fixedincome,Fixed income tools for R.,https://github.com/wilsonfreitas/R-fixedincome,False
backtest,R > Trading,https://cran.r-project.org/web/packages/backtest/index.html,Exploring Portfolio-Based Conjectures About Financial Instruments.,https://github.com/cran/backtest,True
pa,R > Trading,https://cran.r-project.org/web/packages/pa/index.html,Performance Attribution for Equity Portfolios.,https://github.com/yl2/pa,True
TTR,R > Trading,https://github.com/joshuaulrich/TTR,Technical Trading Rules.,https://github.com/joshuaulrich/TTR,False
QuantTools,R > Trading,https://quanttools.bitbucket.io/_site/index.html,Enhanced Quantitative Trading Modelling.,https://github.com/cran/QuantTools,False
blotter,R > Trading,https://github.com/braverock/blotter,"Transaction infrastructure for defining instruments, transactions, portfolios and accounts for trading systems and simulation. Provides portfolio support for multi-asset class and multi-currency portfolios. Actively maintained and developed.",https://github.com/braverock/blotter,False
quantstrat,R > Backtesting,https://github.com/braverock/quantstrat,Transaction-oriented infrastructure for constructing trading systems and simulation. Provides support for multi-asset class and multi-currency portfolios for backtesting and other financial research.,https://github.com/braverock/quantstrat,False
PerformanceAnalytics,R > Risk Analysis,https://github.com/braverock/PerformanceAnalytics,Econometric tools for performance and risk analysis.,https://github.com/braverock/PerformanceAnalytics,False
FactorAnalytics,R > Factor Analysis,https://github.com/braverock/FactorAnalytics,"The FactorAnalytics package contains fitting and analysis methods for the three main types of factor models used in conjunction with portfolio construction, optimization and risk management, namely fundamental factor models, time series factor models and statistical factor models.",https://github.com/braverock/FactorAnalytics,False
Expected Returns,R > Factor Analysis,https://github.com/JustinMShea/ExpectedReturns,"Solutions for enhancing portfolio diversification and replications of seminal papers with R, most of which are discussed in one of the best investment references of the recent decade, Expected Returns: An Investors Guide to Harvesting Market Rewards by Antti Ilmanen.",https://github.com/JustinMShea/ExpectedReturns,False
tseries,R > Time Series,https://cran.r-project.org/web/packages/tseries/index.html,Time Series Analysis and Computational Finance.,https://github.com/cran/tseries,True
fGarch,R > Time Series,https://cran.r-project.org/web/packages/fGarch/index.html,Rmetrics - Autoregressive Conditional Heteroskedastic Modelling.,https://github.com/cran/fGarch,True
timeSeries,R > Time Series,https://cran.r-project.org/web/packages/timeSeries/index.html,Rmetrics - Financial Time Series Objects.,https://github.com/cran/timeSeries,True
rugarch,R > Time Series,https://github.com/alexiosg/rugarch,Univariate GARCH Models.,https://github.com/alexiosg/rugarch,False
rmgarch,R > Time Series,https://github.com/alexiosg/rmgarch,Multivariate GARCH Models.,https://github.com/alexiosg/rmgarch,False
tidypredict,R > Time Series,https://github.com/edgararuiz/tidypredict,Run predictions inside the database <https://tidypredict.netlify.com/>.,https://github.com/edgararuiz/tidypredict,False
tidyquant,R > Time Series,https://github.com/business-science/tidyquant,Bringing financial analysis to the tidyverse.,https://github.com/business-science/tidyquant,False
timetk,R > Time Series,https://github.com/business-science/timetk,A toolkit for working with time series in R.,https://github.com/business-science/timetk,False
tibbletime,R > Time Series,https://github.com/business-science/tibbletime,"Built on top of the tidyverse, tibbletime is an extension that allows for the creation of time aware tibbles through the setting of a time index.",https://github.com/business-science/tibbletime,False
matrixprofile,R > Time Series,https://github.com/matrix-profile-foundation/matrixprofile,Time series data mining library built on top of the novel Matrix Profile data structure and algorithms.,https://github.com/matrix-profile-foundation/matrixprofile,False
garchmodels,R > Time Series,https://github.com/AlbertoAlmuinha/garchmodels,A parsnip backend for GARCH models.,https://github.com/AlbertoAlmuinha/garchmodels,False
timeDate,R > Calendars,https://cran.r-project.org/web/packages/timeDate/index.html,Chronological and Calendar Objects,https://github.com/cran/timeDate,True
bizdays,R > Calendars,https://github.com/wilsonfreitas/R-bizdays,Business days calculations and utilities,https://github.com/wilsonfreitas/R-bizdays,False
RunMat,Matlab > Alternatives,https://runmat.org,"High performance, Open Source, MATLAB syntax runtime.",False,False
QUANTAXIS,Matlab > FrameWorks,https://github.com/yutiansut/quantaxis,Integrated Quantitative Toolbox with Matlab.,https://github.com/yutiansut/quantaxis,False
PROJ_Option_Pricing_Matlab,Matlab > FrameWorks,https://github.com/jkirkby3/PROJ_Option_Pricing_Matlab,"Quant Option Pricing - Exotic/Vanilla: Barrier, Asian, European, American, Parisian, Lookback, Cliquet, Variance Swap, Swing, Forward Starting, Step, Fader",https://github.com/jkirkby3/PROJ_Option_Pricing_Matlab,False
CcyConv,Julia,https://github.com/bhftbootcamp/CcyConv.jl,Currency conversion library for Julia,https://github.com/bhftbootcamp/CcyConv.jl,False
CryptoExchangeAPIs.jl,Julia,https://github.com/bhftbootcamp/CryptoExchangeAPIs.jl,A Julia library for cryptocurrency exchange APIs,https://github.com/bhftbootcamp/CryptoExchangeAPIs.jl,False
Fastback.jl,Julia,https://github.com/rbeeli/Fastback.jl,Blazing fast Julia backtester.,https://github.com/rbeeli/Fastback.jl,False
Lucky.jl,Julia,https://github.com/oliviermilla/Lucky.jl,"Modular, asynchronous trading engine in pure Julia.",https://github.com/oliviermilla/Lucky.jl,False
QuantLib.jl,Julia,https://github.com/pazzo83/QuantLib.jl,Quantlib implementation in pure Julia.,https://github.com/pazzo83/QuantLib.jl,False
Ito.jl,Julia,https://github.com/aviks/Ito.jl,A Julia package for quantitative finance.,https://github.com/aviks/Ito.jl,False
LightweightCharts.jl,Julia,https://github.com/bhftbootcamp/LightweightCharts.jl,Julia wrapper for Lightweight Charts™ by TradingView.,https://github.com/bhftbootcamp/LightweightCharts.jl,False
TALib.jl,Julia,https://github.com/femtotrader/TALib.jl,A Julia wrapper for TA-Lib.,https://github.com/femtotrader/TALib.jl,False
Miletus.jl,Julia,https://github.com/JuliaComputing/Miletus.jl,"A financial contract definition, modeling language, and valuation framework.",https://github.com/JuliaComputing/Miletus.jl,False
Temporal.jl,Julia,https://github.com/dysonance/Temporal.jl,Flexible and efficient time series class & methods.,https://github.com/dysonance/Temporal.jl,False
Indicators.jl,Julia,https://github.com/dysonance/Indicators.jl,Financial market technical analysis & indicators on top of Temporal.,https://github.com/dysonance/Indicators.jl,False
Strategems.jl,Julia,https://github.com/dysonance/Strategems.jl,Quantitative systematic trading strategy development and backtesting.,https://github.com/dysonance/Strategems.jl,False
TimeSeries.jl,Julia,https://github.com/JuliaStats/TimeSeries.jl,Time series toolkit for Julia.,https://github.com/JuliaStats/TimeSeries.jl,False
TechnicalIndicatorCharts.jl,Julia,https://github.com/g-gundam/TechnicalIndicatorCharts.jl,Visualize OnlineTechnicalIndicators.jl using LightweightCharts.jl.,https://github.com/g-gundam/TechnicalIndicatorCharts.jl,False
MarketTechnicals.jl,Julia,https://github.com/JuliaQuant/MarketTechnicals.jl,Technical analysis of financial time series on top of TimeSeries.,https://github.com/JuliaQuant/MarketTechnicals.jl,False
MarketData.jl,Julia,https://github.com/JuliaQuant/MarketData.jl,Time series market data.,https://github.com/JuliaQuant/MarketData.jl,False
OnlineTechnicalIndicators.jl,Julia,https://github.com/femtotrader/OnlineTechnicalIndicators.jl,Julia Technical Analysis Indicators via online algorithms.,https://github.com/femtotrader/OnlineTechnicalIndicators.jl,False
OnlineTechnicalIndicators,Julia,https://github.com/femtotrader/OnlinePortfolioAnalytics.jl,A Julia quantitative portfolio analytics (risk / performance) via online algorithms.,https://github.com/femtotrader/OnlinePortfolioAnalytics.jl,False
OnlineResamplers.jl,Julia,https://github.com/femtotrader/OnlineResamplers.jl,High-performance Julia package for real-time resampling of financial market data.,https://github.com/femtotrader/OnlineResamplers.jl,False
RiskPerf.jl,Julia,https://github.com/rbeeli/RiskPerf.jl,Quantitative risk and performance analysis package for financial time series powered by the Julia language.,https://github.com/rbeeli/RiskPerf.jl,False
TimeFrames.jl,Julia,https://github.com/femtotrader/TimeFrames.jl,A Julia library that defines TimeFrame (essentially for resampling TimeSeries).,https://github.com/femtotrader/TimeFrames.jl,False
DataFrames.jl,Julia,https://github.com/JuliaData/DataFrames.jl,In-memory tabular data in Julia,https://github.com/JuliaData/DataFrames.jl,False
TSFrames.jl,Julia,https://github.com/xKDR/TSFrames.jl,Handle timeseries data on top of the powerful and mature DataFrames.jl,https://github.com/xKDR/TSFrames.jl,False
TimeArrays.jl,Julia,https://github.com/bhftbootcamp/TimeArrays.jl,Time series handling for Julia,https://github.com/bhftbootcamp/TimeArrays.jl,False
Strata,Java,http://strata.opengamma.io/,Modern open-source analytics and market risk library designed and written in Java.,https://github.com/OpenGamma/Strata,False
JQuantLib,Java,https://github.com/frgomes/jquantlib,"JQuantLib is a free, open-source, comprehensive framework for quantitative finance, written in 100% Java.",https://github.com/frgomes/jquantlib,False
finmath.net,Java,http://finmath.net,Java library with algorithms and methodologies related to mathematical finance.,https://github.com/finmath/finmath-lib,False
quantcomponents,Java,https://github.com/lsgro/quantcomponents,Free Java components for Quantitative Finance and Algorithmic Trading.,https://github.com/lsgro/quantcomponents,False
DRIP,Java,https://lakshmidrip.github.io/DRIP,"Fixed Income, Asset Allocation, Transaction Cost Analysis, XVA Metrics Libraries.",https://github.com/lakshmiDRIP/DRIP,False
ta4j,Java,https://github.com/ta4j/ta4j,A Java library for technical analysis.,https://github.com/ta4j/ta4j,False
finance.js,JavaScript,https://github.com/ebradyjobory/finance.js,A JavaScript library for common financial calculations.,https://github.com/ebradyjobory/finance.js,False
portfolio-allocation,JavaScript,https://github.com/lequant40/portfolio_allocation_js,"PortfolioAllocation is a JavaScript library designed to help constructing financial portfolios made of several assets: bonds, commodities, cryptocurrencies, currencies, exchange traded funds (ETFs), mutual funds, stocks...",https://github.com/lequant40/portfolio_allocation_js,False
Ghostfolio,JavaScript,https://github.com/ghostfolio/ghostfolio,"Wealth management software to keep track of financial assets like stocks, ETFs or cryptocurrencies and make solid, data-driven investment decisions.",https://github.com/ghostfolio/ghostfolio,False
IndicatorTS,JavaScript,https://github.com/cinar/indicatorts,"Indicator is a TypeScript module providing various stock technical analysis indicators, strategies, and a backtest framework for trading.",https://github.com/cinar/indicatorts,False
chart-patterns (Discontinued),JavaScript,,"Technical analysis library for Market Profile, Volume Profile, Stacked Imbalances and High Volume Node indicators.",True,False
orderflow,JavaScript,https://github.com/focus1691/orderflow,Orderflow trade aggregator for building Footprint Candles from exchange websocket data.,https://github.com/focus1691/orderflow,False
ccxt,JavaScript,https://github.com/ccxt/ccxt,A JavaScript / Python / PHP cryptocurrency trading API with support for more than 100 bitcoin/altcoin exchanges.,https://github.com/ccxt/ccxt,False
PENDAX,JavaScript,https://github.com/CompendiumFi/PENDAX-SDK,"Javascript SDK for Trading/Data API and Websockets for FTX, FTXUS, OKX, Bybit, & More.",https://github.com/CompendiumFi/PENDAX-SDK,False
QUANTAXIS_Webkit,JavaScript > Data Visualization,https://github.com/yutiansut/QUANTAXIS_Webkit,An awesome visualization center based on quantaxis.,https://github.com/yutiansut/QUANTAXIS_Webkit,False
quantfin,Haskell,https://github.com/boundedvariation/quantfin,quant finance in pure haskell.,https://github.com/boundedvariation/quantfin,False
Haxcel,Haskell,https://github.com/MarcusRainbow/Haxcel,Excel Addin for Haskell.,https://github.com/MarcusRainbow/Haxcel,False
Ffinar,Haskell,https://github.com/MarcusRainbow/Ffinar,A financial maths library in Haskell.,https://github.com/MarcusRainbow/Ffinar,False
QuantScale,Scala,https://github.com/choucrifahed/quantscale,Scala Quantitative Finance Library.,https://github.com/choucrifahed/quantscale,False
Scala Quant,Scala,https://github.com/frankcash/Scala-Quant,Scala library for working with stock data from IFTTT recipes or Google Finance.,https://github.com/frankcash/Scala-Quant,False
Jiji,Ruby,https://github.com/unageanu/jiji2,Open Source Forex algorithmic trading framework using OANDA REST API.,https://github.com/unageanu/jiji2,False
Tai,Elixir/Erlang,https://github.com/fremantle-capital/tai,"Open Source composable, real time, market data and trade execution toolkit.",https://github.com/fremantle-capital/tai,False
Workbench,Elixir/Erlang,https://github.com/fremantle-industries/workbench,From Idea to Execution - Manage your trading operation across a globally distributed cluster,https://github.com/fremantle-industries/workbench,False
Prop,Elixir/Erlang,https://github.com/fremantle-industries/prop,"An open and opinionated trading platform using productive & familiar open source libraries and tools for strategy research, execution and operation.",https://github.com/fremantle-industries/prop,False
Kelp,Golang,https://github.com/stellar/kelp,Kelp is an open-source Golang algorithmic cryptocurrency trading bot that runs on centralized exchanges and Stellar DEX (command-line usage and desktop GUI).,https://github.com/stellar/kelp,False
marketstore(Discontinued),Golang,,DataFrame Server for Financial Timeseries Data.,True,False
pymarketstore,Python,https://github.com/alpacahq/pymarketstore,DataFrame Server for Financial Timeseries Data.,https://github.com/alpacahq/pymarketstore,False
IndicatorGo,Golang,https://github.com/cinar/indicator,"IndicatorGo is a Golang module providing various stock technical analysis indicators, strategies, and a backtest framework for trading.",https://github.com/cinar/indicator,False
QuantLib,CPP,https://github.com/lballabio/QuantLib,The QuantLib project is aimed at providing a comprehensive software framework for quantitative finance.,https://github.com/lballabio/QuantLib,False
QuantLibRisks,CPP,https://github.com/auto-differentiation/QuantLib-Risks-Cpp,Fast risks with QuantLib in C++,https://github.com/auto-differentiation/QuantLib-Risks-Cpp,False
XAD,CPP,https://github.com/auto-differentiation/xad,Automatic Differentation (AAD) Library,https://github.com/auto-differentiation/xad,False
TradeFrame,CPP,https://github.com/rburkholder/trade-frame,C++ 17 based framework/library (with sample applications) for testing options based automated trading ideas using DTN IQ real time data feed and Interactive Brokers (TWS API) for trade execution. Comes with built-in [Option Greeks/IV](https://github.com/rburkholder/trade-frame/tree/master/lib/TFOptions) calculation library.,https://github.com/rburkholder/trade-frame,False
Hikyuu,CPP,https://github.com/fasiondog/hikyuu,"A base on Python/C++ open source high-performance quant framework for faster analysis and backtesting, contains the complete trading system components for reuse and combination. You can use python or c++ freely.",https://github.com/fasiondog/hikyuu,False
QuantLib,Frameworks,https://github.com/lballabio/QuantLib,The QuantLib project is aimed at providing a comprehensive software framework for quantitative finance.,https://github.com/lballabio/QuantLib,False
JQuantLib,Frameworks,https://github.com/frgomes/jquantlib,Java port.,https://github.com/frgomes/jquantlib,False
RQuantLib,Frameworks,https://github.com/eddelbuettel/rquantlib,R port.,https://github.com/eddelbuettel/rquantlib,False
QuantLibAddin,Frameworks,https://www.quantlib.org/quantlibaddin/,Excel support.,False,False
QuantLibXL,Frameworks,https://www.quantlib.org/quantlibxl/,Excel support.,False,False
QLNet,Frameworks,https://github.com/amaggiulli/qlnet,.Net port.,https://github.com/amaggiulli/qlnet,False
PyQL,Frameworks,https://github.com/enthought/pyql,Python port.,https://github.com/enthought/pyql,False
QuantLib.jl,Frameworks,https://github.com/pazzo83/QuantLib.jl,Julia port.,https://github.com/pazzo83/QuantLib.jl,False
QuantLib-Python Documentation,Frameworks,https://quantlib-python-docs.readthedocs.io/,Documentation for the Python bindings for the QuantLib library,False,False
TA-Lib,Frameworks,https://ta-lib.org,perform technical analysis of financial market data.,https://github.com/TA-Lib/ta-lib-python,False
Portfolio Optimizer,Frameworks,https://portfoliooptimizer.io/,Portfolio Optimizer is a Web API for portfolio analysis and optimization.,False,False
QuantConnect,CSharp,https://github.com/QuantConnect/Lean,Lean Engine is an open-source fully managed C# algorithmic trading engine built for desktop and cloud usage.,https://github.com/QuantConnect/Lean,False
StockSharp,CSharp,https://github.com/StockSharp/StockSharp,"Algorithmic trading and quantitative trading open source platform to develop trading robots (stock markets, forex, crypto, bitcoins, and options).",https://github.com/StockSharp/StockSharp,False
TDAmeritrade.DotNetCore,CSharp,https://github.com/NVentimiglia/TDAmeritrade.DotNetCore,"Free, open-source .NET Client for the TD Ameritrade Trading Platform. Helps developers integrate TD Ameritrade API into custom trading solutions.",https://github.com/NVentimiglia/TDAmeritrade.DotNetCore,False
QuantMath,Rust,https://github.com/MarcusRainbow/QuantMath,Financial maths library for risk-neutral pricing and risk,https://github.com/MarcusRainbow/QuantMath,False
Barter,Rust,https://github.com/barter-rs/barter-rs,Open-source Rust framework for building event-driven live-trading & backtesting systems,https://github.com/barter-rs/barter-rs,False
LFEST,Rust,https://github.com/MathisWellmann/lfest-rs,Simulated perpetual futures exchange to trade your strategy against.,https://github.com/MathisWellmann/lfest-rs,False
TradeAggregation,Rust,https://github.com/MathisWellmann/trade_aggregation-rs,Aggregate trades into user-defined candles using information driven rules.,https://github.com/MathisWellmann/trade_aggregation-rs,False
SlidingFeatures,Rust,https://github.com/MathisWellmann/sliding_features-rs,Chainable tree-like sliding windows for signal processing and technical analysis.,https://github.com/MathisWellmann/sliding_features-rs,False
RustQuant,Rust,https://github.com/avhz/RustQuant,Quantitative finance library written in Rust.,https://github.com/avhz/RustQuant,False
finalytics,Rust,https://github.com/Nnamdi-sys/finalytics,A rust library for financial data analysis.,https://github.com/Nnamdi-sys/finalytics,False
RunMat,Rust,https://github.com/runmat-org/runmat,Rust runtime for MATLAB-syntax array math with automatic CPU/GPU execution and fused kernels for quant simulations.,https://github.com/runmat-org/runmat,False
Auto-Differentiation Website,"Reproducing Works, Training & Books",https://auto-differentiation.github.io/,Background and  resources on Automatic Differentiation (AD) / Adjoint Algorithmic Differentitation (AAD).,False,False
Derman Papers,"Reproducing Works, Training & Books",https://github.com/MarcosCarreira/DermanPapers,Notebooks that replicate original quantitative finance papers from Emanuel Derman.,https://github.com/MarcosCarreira/DermanPapers,False
ML-Quant,"Reproducing Works, Training & Books",https://www.ml-quant.com/,"Top Quant resources like ArXiv (sanity), SSRN, RePec, Journals, Podcasts, Videos, and Blogs.",False,False
volatility-trading,"Reproducing Works, Training & Books",https://github.com/jasonstrimpel/volatility-trading,A complete set of volatility estimators based on Euan Sinclair's Volatility Trading.,https://github.com/jasonstrimpel/volatility-trading,False
quant,"Reproducing Works, Training & Books",https://github.com/paulperry/quant,"Quantitative Finance and Algorithmic Trading exhaust; mostly ipython notebooks based on Quantopian, Zipline, or Pandas.",https://github.com/paulperry/quant,False
fecon235,"Reproducing Works, Training & Books",https://github.com/rsvp/fecon235,Open source project for software tools in financial economics. Many jupyter notebook to verify theoretical ideas and practical methods interactively.,https://github.com/rsvp/fecon235,False
Quantitative-Notebooks,"Reproducing Works, Training & Books",https://github.com/LongOnly/Quantitative-Notebooks,"Educational notebooks on quantitative finance, algorithmic trading, financial modelling and investment strategy",https://github.com/LongOnly/Quantitative-Notebooks,False
QuantEcon,"Reproducing Works, Training & Books",https://quantecon.org/,"Lecture series on economics, finance, econometrics and data science; QuantEcon.py, QuantEcon.jl, notebooks",https://github.com/QuantEcon/QuantEcon.py,False
FinanceHub,"Reproducing Works, Training & Books",https://github.com/Finance-Hub/FinanceHub,Resources for Quantitative Finance,https://github.com/Finance-Hub/FinanceHub,False
Python_Option_Pricing,"Reproducing Works, Training & Books",https://github.com/dedwards25/Python_Option_Pricing,"An library to price financial options written in Python. Includes: Black Scholes, Black 76, Implied Volatility, American, European, Asian, Spread Options.",https://github.com/dedwards25/Python_Option_Pricing,False
python-training,"Reproducing Works, Training & Books",https://github.com/jpmorganchase/python-training,J.P. Morgan's Python training for business analysts and traders.,https://github.com/jpmorganchase/python-training,False
Stock_Analysis_For_Quant,"Reproducing Works, Training & Books",https://github.com/LastAncientOne/Stock_Analysis_For_Quant,"Different Types of Stock Analysis in Excel, Matlab, Power BI, Python, R, and Tableau.",https://github.com/LastAncientOne/Stock_Analysis_For_Quant,False
algorithmic-trading-with-python,"Reproducing Works, Training & Books",https://github.com/chrisconlan/algorithmic-trading-with-python,Source code for Algorithmic Trading with Python (2020) by Chris Conlan.,https://github.com/chrisconlan/algorithmic-trading-with-python,False
MEDIUM_NoteBook,"Reproducing Works, Training & Books",https://github.com/cerlymarco/MEDIUM_NoteBook,Repository containing notebooks of [cerlymarco](https://github.com/cerlymarco)'s posts on Medium.,https://github.com/cerlymarco/MEDIUM_NoteBook,False
QuantFinance,"Reproducing Works, Training & Books",https://github.com/PythonCharmers/QuantFinance,Training materials in quantitative finance.,https://github.com/PythonCharmers/QuantFinance,False
IPythonScripts,"Reproducing Works, Training & Books",https://github.com/mgroncki/IPythonScripts,"Tutorials about Quantitative Finance in Python and QuantLib: Pricing, xVAs, Hedging, Portfolio Optimisation, Machine Learning and Deep Learning.",https://github.com/mgroncki/IPythonScripts,False
Computational-Finance-Course,"Reproducing Works, Training & Books",https://github.com/LechGrzelak/Computational-Finance-Course,Materials for the course of Computational Finance.,https://github.com/LechGrzelak/Computational-Finance-Course,False
Machine-Learning-for-Asset-Managers,"Reproducing Works, Training & Books",https://github.com/emoen/Machine-Learning-for-Asset-Managers,"Implementation of code snippets, exercises and application to live data from Machine Learning for Asset Managers (Elements in Quantitative Finance) written by Prof. Marcos López de Prado.",https://github.com/emoen/Machine-Learning-for-Asset-Managers,False
Python-for-Finance-Cookbook,"Reproducing Works, Training & Books",https://github.com/PacktPublishing/Python-for-Finance-Cookbook,"Python for Finance Cookbook, published by Packt.",https://github.com/PacktPublishing/Python-for-Finance-Cookbook,False
modelos_vol_derivativos,"Reproducing Works, Training & Books",https://github.com/ysaporito/modelos_vol_derivativos,"""Modelos de Volatilidade para Derivativos"" book's Jupyter notebooks",https://github.com/ysaporito/modelos_vol_derivativos,False
NMOF,"Reproducing Works, Training & Books",https://github.com/enricoschumann/NMOF,"Functions, examples and data from the first and the second edition of ""Numerical Methods and Optimization in Finance"" by M. Gilli, D. Maringer and E. Schumann (2019, ISBN:978-0128150658).",https://github.com/enricoschumann/NMOF,False
py4fi2nd,"Reproducing Works, Training & Books",https://github.com/yhilpisch/py4fi2nd,"Jupyter Notebooks and code for Python for Finance (2nd ed., O'Reilly) by Yves Hilpisch.",https://github.com/yhilpisch/py4fi2nd,False
aiif,"Reproducing Works, Training & Books",https://github.com/yhilpisch/aiif,Jupyter Notebooks and code for the book Artificial Intelligence in Finance (O'Reilly) by Yves Hilpisch.,https://github.com/yhilpisch/aiif,False
py4at,"Reproducing Works, Training & Books",https://github.com/yhilpisch/py4at,Jupyter Notebooks and code for the book Python for Algorithmic Trading (O'Reilly) by Yves Hilpisch.,https://github.com/yhilpisch/py4at,False
dawp,"Reproducing Works, Training & Books",https://github.com/yhilpisch/dawp,Jupyter Notebooks and code for Derivatives Analytics with Python (Wiley Finance) by Yves Hilpisch.,https://github.com/yhilpisch/dawp,False
dx,"Reproducing Works, Training & Books",https://github.com/yhilpisch/dx,DX Analytics | Financial and Derivatives Analytics with Python.,https://github.com/yhilpisch/dx,False
QuantFinanceBook,"Reproducing Works, Training & Books",https://github.com/LechGrzelak/QuantFinanceBook,Quantitative Finance book.,https://github.com/LechGrzelak/QuantFinanceBook,False
rough_bergomi,"Reproducing Works, Training & Books",https://github.com/ryanmccrickerd/rough_bergomi,A Python implementation of the rough Bergomi model.,https://github.com/ryanmccrickerd/rough_bergomi,False
frh-fx,"Reproducing Works, Training & Books",https://github.com/ryanmccrickerd/frh-fx,A python implementation of the fast-reversion Heston model of Mechkov for FX purposes.,https://github.com/ryanmccrickerd/frh-fx,False
Value Investing Studies,"Reproducing Works, Training & Books",https://github.com/euclidjda/value-investing-studies,A collection of data analysis studies that examine the performance and characteristics of value investing over long periods of time.,https://github.com/euclidjda/value-investing-studies,False
Machine Learning Asset Management,"Reproducing Works, Training & Books",https://github.com/firmai/machine-learning-asset-management,Machine Learning in Asset Management (by @firmai).,https://github.com/firmai/machine-learning-asset-management,False
Deep Learning Machine Learning Stock,"Reproducing Works, Training & Books",https://github.com/LastAncientOne/Deep-Learning-Machine-Learning-Stock,Deep Learning and Machine Learning stocks represent a promising long-term or short-term opportunity for investors and traders.,https://github.com/LastAncientOne/Deep-Learning-Machine-Learning-Stock,False
Technical Analysis and Feature Engineering,"Reproducing Works, Training & Books",https://github.com/jo-cho/Technical_Analysis_and_Feature_Engineering,Feature Engineering and Feature Importance of Machine Learning in Financial Market.,https://github.com/jo-cho/Technical_Analysis_and_Feature_Engineering,False
Differential Machine Learning and Axes that matter by Brian Huge and Antoine Savine,"Reproducing Works, Training & Books",https://github.com/differential-machine-learning/notebooks,"Implement, demonstrate, reproduce and extend the results of the Risk articles 'Differential Machine Learning' (2020) and 'PCA with a Difference' (2021) by Huge and Savine, and cover implementation details left out from the papers.",https://github.com/differential-machine-learning/notebooks,False
systematictradingexamples,"Reproducing Works, Training & Books",https://github.com/robcarver17/systematictradingexamples,Examples of code related to book [Systematic Trading](www.systematictrading.org) and [blog](http://qoppac.blogspot.com),https://github.com/robcarver17/systematictradingexamples,False
pysystemtrade_examples,"Reproducing Works, Training & Books",https://github.com/robcarver17/pysystemtrade_examples,Examples using pysystemtrade for Robert Carver's [blog](http://qoppac.blogspot.com).,https://github.com/robcarver17/pysystemtrade_examples,False
ML_Finance_Codes,"Reproducing Works, Training & Books",https://github.com/mfrdixon/ML_Finance_Codes,Machine Learning in Finance: From Theory to Practice Book,https://github.com/mfrdixon/ML_Finance_Codes,False
Hands-On Machine Learning for Algorithmic Trading,"Reproducing Works, Training & Books",https://github.com/packtpublishing/hands-on-machine-learning-for-algorithmic-trading,"Hands-On Machine Learning for Algorithmic Trading, published by Packt",https://github.com/packtpublishing/hands-on-machine-learning-for-algorithmic-trading,False
financialnoob-misc,"Reproducing Works, Training & Books",https://github.com/financialnoob/misc,Codes from @financialnoob's posts,https://github.com/financialnoob/misc,False
MesoSim Options Trading Strategy Library,"Reproducing Works, Training & Books",https://github.com/deltaray-io/strategy-library,Free and public Options Trading strategy library for MesoSim. ,https://github.com/deltaray-io/strategy-library,False
Quant-Finance-With-Python-Code,"Reproducing Works, Training & Books",https://github.com/lingyixu/Quant-Finance-With-Python-Code,Repo for code examples in Quantitative Finance with Python by Chris Kelliher,https://github.com/lingyixu/Quant-Finance-With-Python-Code,False
QuantFinanceTraining,"Reproducing Works, Training & Books",https://github.com/JoaoJungblut/QuantFinanceTraining,"This repository contains codes that were executed during my training in the CQF (Certificate in Quantitative Finance). The codes are organized by class, facilitating navigation and reference.",https://github.com/JoaoJungblut/QuantFinanceTraining,False
book_irds3,"Reproducing Works, Training & Books",https://github.com/attack68/book_irds3,Code repository for Pricing and Trading Interest Rate Derivatives.,https://github.com/attack68/book_irds3,False
Autoencoder-Asset-Pricing-Models,"Reproducing Works, Training & Books",https://github.com/RichardS0268/Autoencoder-Asset-Pricing-Models,"Reimplementation of Autoencoder Asset Pricing Models ([GKX, 2019](https://papers.ssrn.com/sol3/papers.cfm?abstract_id=3335536)).",https://github.com/RichardS0268/Autoencoder-Asset-Pricing-Models,False
Finance,"Reproducing Works, Training & Books",https://github.com/shashankvemuri/Finance,"150+ quantitative finance Python programs to help you gather, manipulate, and analyze stock market data.",https://github.com/shashankvemuri/Finance,False
101_formulaic_alphas,"Reproducing Works, Training & Books",https://github.com/ram-ki/101_formulaic_alphas,Implementation of [101 formulaic alphas](https://arxiv.org/ftp/arxiv/papers/1601/1601.00991.pdf) using qstrader.,https://github.com/ram-ki/101_formulaic_alphas,False
Tidy Finance,"Reproducing Works, Training & Books",https://www.tidy-finance.org/,"An opinionated approach to empirical research in financial economics - a fully transparent, open-source code base in multiple programming languages (Python and R) to enable the reproducible implementation of financial research projects for students and practitioners.",https://github.com/tidy-finance/website,False
RoughVolatilityWorkshop,"Reproducing Works, Training & Books",https://github.com/jgatheral/RoughVolatilityWorkshop,2024 QuantMind's Rough Volatility Workshop lectures.,https://github.com/jgatheral/RoughVolatilityWorkshop,False
AFML,"Reproducing Works, Training & Books",https://github.com/boyboi86/AFML,All the answers for exercises from Advances in Financial Machine Learning by Dr Marco Lopez de Parodo.,https://github.com/boyboi86/AFML,False
AlgoTradingLib,"Reproducing Works, Training & Books",https://github.com/usdaud/algotradinglib.github.io,"A catalog of algorithmic trading libraries, frameworks, strategies, and educational materials.",https://github.com/usdaud/algotradinglib.github.io,False
